-- phpMyAdmin SQL Dump
-- version 4.5.1
-- http://www.phpmyadmin.net
--
-- Хост: 127.0.0.1:2016
-- Время создания: Фев 10 2017 г., 16:02
-- Версия сервера: 10.1.10-MariaDB
-- Версия PHP: 5.6.15

SET SQL_MODE = "NO_AUTO_VALUE_ON_ZERO";
SET time_zone = "+00:00";


/*!40101 SET @OLD_CHARACTER_SET_CLIENT=@@CHARACTER_SET_CLIENT */;
/*!40101 SET @OLD_CHARACTER_SET_RESULTS=@@CHARACTER_SET_RESULTS */;
/*!40101 SET @OLD_COLLATION_CONNECTION=@@COLLATION_CONNECTION */;
/*!40101 SET NAMES utf8mb4 */;

--
-- База данных: `webstore_hib`
--

-- --------------------------------------------------------

--
-- Структура таблицы `basket`
--

CREATE TABLE `basket` (
  `id_basket` int(10) NOT NULL,
  `id_user` int(10) NOT NULL,
  `id_data` int(10) NOT NULL
) ENGINE=InnoDB DEFAULT CHARSET=utf8;

--
-- Дамп данных таблицы `basket`
--

INSERT INTO `basket` (`id_basket`, `id_user`, `id_data`) VALUES
(1, 14, 39);

-- --------------------------------------------------------

--
-- Структура таблицы `catalog`
--

CREATE TABLE `catalog` (
  `id_catalog` int(10) NOT NULL,
  `Department` varchar(50) NOT NULL
) ENGINE=InnoDB DEFAULT CHARSET=utf8;

--
-- Дамп данных таблицы `catalog`
--

INSERT INTO `catalog` (`id_catalog`, `Department`) VALUES
(1, 'friedge'),
(2, 'tv'),
(3, 'washer'),
(4, 'mobile'),
(5, 'test');

-- --------------------------------------------------------

--
-- Структура таблицы `data`
--

CREATE TABLE `data` (
  `id_data` int(10) NOT NULL,
  `Brand` varchar(50) NOT NULL,
  `Model` varchar(50) NOT NULL,
  `Price` float NOT NULL,
  `ReleaseDate` varchar(50) NOT NULL,
  `Picture` varchar(50) NOT NULL,
  `CreationDate` timestamp NOT NULL DEFAULT CURRENT_TIMESTAMP ON UPDATE CURRENT_TIMESTAMP,
  `Creator` varchar(250) NOT NULL,
  `UpdateDate` timestamp NOT NULL DEFAULT CURRENT_TIMESTAMP ON UPDATE CURRENT_TIMESTAMP,
  `Updater` varchar(250) NOT NULL,
  `id_catalog` int(10) NOT NULL
) ENGINE=InnoDB DEFAULT CHARSET=utf8;

--
-- Дамп данных таблицы `data`
--

INSERT INTO `data` (`id_data`, `Brand`, `Model`, `Price`, `ReleaseDate`, `Picture`, `CreationDate`, `Creator`, `UpdateDate`, `Updater`, `id_catalog`) VALUES
(1, 'ATLANT', 'ХМ-4012-333', 580, '2016 год', '1', '2017-01-28 04:35:33', 'Dmitry Voronovich', '2017-01-28 23:44:02', 'Albert Einshtein', 1),
(2, 'ATLANT', 'МХМ-2835-90', 472, '2016 год', '2', '2017-01-28 04:35:33', 'Dmitry Voronovich', '2017-01-28 04:35:33', 'Dmitry Voronovich', 1),
(3, 'ATLANT', 'ХМ-4012-022 ', 580, '2016 год', '3', '2017-01-28 04:35:33', 'Dmitry Voronovich', '2017-01-28 04:35:33', 'Dmitry Voronovich', 1),
(4, 'ATLANT', 'МХМ-2835-90', 472, '2016 год', '4', '2017-01-28 04:35:33', 'Dmitry Voronovich', '2017-01-28 04:35:33', 'Dmitry Voronovich', 1),
(5, 'ATLANT', 'ХМ-4012-022 ', 580, '2016 год', '5', '2017-01-28 04:35:33', 'Dmitry Voronovich', '2017-01-28 04:35:33', 'Dmitry Voronovich', 1),
(6, 'ATLANT', 'МХМ-2835-90', 472, '2016 год', '6', '2017-01-28 04:35:34', 'Dmitry Voronovich', '2017-01-28 04:35:34', 'Dmitry Voronovich', 1),
(7, 'ATLANT', 'МХМ-2835-90', 472, '2016 год', '7', '2017-01-28 04:35:34', 'Dmitry Voronovich', '2017-01-28 04:35:34', 'Dmitry Voronovich', 1),
(8, 'ATLANT', 'ХМ-4012-022 ', 580, '2016 год', '8', '2017-01-28 04:35:34', 'Dmitry Voronovich', '2017-01-28 04:35:34', 'Dmitry Voronovich', 1),
(9, 'ATLANT', 'МХМ-2835-90', 472, '2016 год', '9', '2017-01-28 04:35:34', 'Dmitry Voronovich', '2017-01-28 04:35:34', 'Dmitry Voronovich', 1),
(11, 'Samsung', 'UE22H5600AK', 519, '2015 год', '1', '2017-01-28 04:35:34', 'Dmitry Voronovich', '2017-01-28 04:35:34', 'Dmitry Voronovich', 2),
(12, 'Samsung', 'UE22H5610AK', 529, '2016 год', '2', '2017-01-28 04:35:34', 'Dmitry Voronovich', '2017-01-28 04:35:34', 'Dmitry Voronovich', 2),
(13, 'Philips', '32PHT4101/60', 519, '2016 год', '3', '2017-01-28 04:35:34', 'Dmitry Voronovich', '2017-01-28 04:35:34', 'Dmitry Voronovich', 2),
(14, 'Samsung', 'UE50KU6000U', 1499, '2016 год', '4', '2017-01-28 04:35:34', 'Dmitry Voronovich', '2017-01-28 04:35:34', 'Dmitry Voronovich', 2),
(15, 'Samsung', 'UE32J4000AK', 549, '2016 год', '5', '2017-01-28 04:35:34', 'Dmitry Voronovich', '2017-01-28 04:35:34', 'Dmitry Voronovich', 2),
(16, 'Samsung', 'UE32K5500BU', 829, '2015 год', '6', '2017-01-28 04:35:34', 'Dmitry Voronovich', '2017-01-28 04:35:34', 'Dmitry Voronovich', 2),
(17, 'Philips', '32PHT4201/60', 489, '2016 год', '7', '2017-01-28 04:35:34', 'Dmitry Voronovich', '2017-01-28 04:35:34', 'Dmitry Voronovich', 2),
(18, 'Sony', 'KDL-43W808CBR2', 1670, '2016 год', '8', '2017-01-28 04:35:34', 'Dmitry Voronovich', '2017-01-28 04:35:34', 'Dmitry Voronovich', 2),
(19, 'Samsung', 'UE19H4000AK', 379, '2015 год', '9', '2017-01-28 04:35:34', 'Dmitry Voronovich', '2017-01-28 04:35:34', 'Dmitry Voronovich', 2),
(20, 'Indesit', 'IWSB 5105', 360, '2016 год', '1', '2017-01-28 04:35:34', 'Dmitry Voronovich', '2017-01-28 04:35:34', 'Dmitry Voronovich', 3),
(21, 'ATLANT', 'СМА 50У102', 503, '2016 год', '2', '2017-01-28 04:36:42', 'Dmitry Voronovich', '2017-01-28 04:36:42', 'Dmitry Voronovich', 3),
(22, 'Bosch', 'WLG20160OE', 610, '2015 год', '3', '2017-01-28 04:36:42', 'Dmitry Voronovich', '2017-01-28 04:36:42', 'Dmitry Voronovich', 3),
(23, 'LG', 'F1096SD3', 747, '2016 год', '4', '2017-01-28 04:36:42', 'Dmitry Voronovich', '2017-01-28 04:36:42', 'Dmitry Voronovich', 3),
(24, 'LG', 'F1296WDS', 866, '2015 год', '5', '2017-01-28 04:36:42', 'Dmitry Voronovich', '2017-01-28 04:36:42', 'Dmitry Voronovich', 3),
(25, 'Bosch', 'WLG2426WOE', 793, '2016 год', '6', '2017-01-28 04:36:42', 'Dmitry Voronovich', '2017-01-28 04:36:42', 'Dmitry Voronovich', 3),
(26, 'Samsung', 'WW60H2200EWDLP', 719, '2015 год', '7', '2017-01-28 04:36:42', 'Dmitry Voronovich', '2017-01-28 04:36:42', 'Dmitry Voronovich', 3),
(27, 'Beko', 'WKB 61041 PTYAN', 577, '2015 год', '8', '2017-01-28 04:37:41', 'Dmitry Voronovich', '2017-01-28 04:37:41', 'Dmitry Voronovich', 3),
(28, 'Samsung', 'WF60F1R2E2WDLP', 730, '2016 год', '9', '2017-01-28 04:37:41', 'Dmitry Voronovich', '2017-01-28 04:37:41', 'Dmitry Voronovich', 3),
(32, 'Prestigio', 'Wize P3 3508 / PSP3508DUO', 140, '2015 год', '1', '2017-01-28 04:37:41', 'Dmitry Voronovich', '2017-01-28 04:37:41', 'Dmitry Voronovich', 4),
(33, 'Xiaomi', 'Redmi 3S 16GB (золото)', 319, '2016 год', '2', '2017-01-28 04:37:41', 'Dmitry Voronovich', '2017-01-28 04:37:41', 'Dmitry Voronovich', 4),
(34, 'Xiaomi', 'Redmi 3S 16GB (серый/черный)', 329, '2016 год', '3', '2017-01-28 04:37:41', 'Dmitry Voronovich', '2017-01-28 04:37:41', 'Dmitry Voronovich', 4),
(35, 'Lenovo', 'A1000 (черный)', 145, '2015 год', '4', '2017-01-28 04:37:42', 'Dmitry Voronovich', '2017-01-28 04:37:42', 'Dmitry Voronovich', 4),
(36, 'Prestigio', 'Wize P3 3508', 135, '2016 год', '5', '2017-01-28 04:37:42', 'Dmitry Voronovich', '2017-01-28 04:37:42', 'Dmitry Voronovich', 4),
(37, 'Xiaomi', 'Redmi Note 3 Pro 16GB (серебро)', 369, '2015 год', '6', '2017-01-28 04:37:42', 'Dmitry Voronovich', '2017-01-28 04:37:42', 'Dmitry Voronovich', 4),
(38, 'Xiaomi', 'Redmi 4 16GB (серый)', 371, '2016 год', '7', '2017-01-28 04:37:42', 'Dmitry Voronovich', '2017-01-28 04:37:42', 'Dmitry Voronovich', 4),
(39, 'Prestigio', 'Grace Q5 Duo', 180, '2015 год', '8', '2017-01-28 04:37:42', 'Dmitry Voronovich', '2017-01-28 04:37:42', 'Dmitry Voronovich', 4),
(40, 'Lenovo', 'Vibe P1MA40 (черный)', 330, '2015 год', '9', '2017-01-28 04:37:42', 'Dmitry Voronovich', '2017-01-28 04:37:42', 'Dmitry Voronovich', 4),
(41, 'test', 'test', 1, 'test', '1', '2017-02-08 10:14:38', 'test', '2017-02-08 10:14:38', 'test', 5);

-- --------------------------------------------------------

--
-- Структура таблицы `description`
--

CREATE TABLE `description` (
  `id_description` int(10) NOT NULL,
  `Title` varchar(50) NOT NULL,
  `Value` varchar(50) NOT NULL,
  `id_data` int(10) NOT NULL
) ENGINE=InnoDB DEFAULT CHARSET=utf8;

--
-- Дамп данных таблицы `description`
--

INSERT INTO `description` (`id_description`, `Title`, `Value`, `id_data`) VALUES
(1, 'Общий объем, л', '320 ', 1),
(2, 'Объем морозильной камеры, л', '115', 1),
(5, 'Объем холодильной камеры, л', '205', 1),
(6, 'Количесто компрессоров', '1', 1),
(7, 'Уровень шума, дБА', '39', 1),
(8, 'Полезный объем морозильной камеры, л', '96', 1),
(9, 'Габариты(глубина x высота x ширина)см', '63x176x60', 1),
(10, 'Время размораживания, ч', '17', 1),
(11, 'Ящик для овощей и фруктов', '2', 1),
(12, 'Материал полок', 'стекло', 1),
(13, 'Хладагент', 'R600a', 1),
(14, 'Серия', 'Soft line', 1),
(15, 'Климатический класс', 'N', 1),
(16, 'Годовой расход электроэнергии', '340 кВт-час/год', 1),
(17, 'Общий объем, л', '320 ', 2),
(18, 'Объем морозильной камеры, л', '115', 2),
(19, 'Объем холодильной камеры, л', '205', 2),
(20, 'Количесто компрессоров', '1', 2),
(21, 'Уровень шума, дБА', '39', 2),
(22, 'Полезный объем морозильной камеры, л', '96', 2),
(23, 'Габариты(глубина x высота x ширина)см', '63x176x60', 2),
(24, 'Время размораживания, ч', '17', 2),
(25, 'Ящик для овощей и фруктов', '2', 2),
(26, 'Материал полок', 'стекло', 2),
(27, 'Хладагент', 'R600a', 2),
(28, 'Серия', 'Soft line', 2),
(29, 'Климатический класс', 'N', 2),
(30, 'Годовой расход электроэнергии', '340 кВт-час/год', 2),
(32, 'Общий объем, л', '320 ', 3),
(33, 'Объем морозильной камеры, л', '115', 3),
(34, 'Объем холодильной камеры, л', '205', 3),
(35, 'Количесто компрессоров', '1', 3),
(36, 'Уровень шума, дБА', '39', 3),
(37, 'Полезный объем морозильной камеры, л', '96', 3),
(38, 'Габариты(глубина x высота x ширина)см', '63x176x60', 3),
(39, 'Время размораживания, ч', '17', 3),
(40, 'Ящик для овощей и фруктов', '2', 3),
(41, 'Материал полок', 'стекло', 3),
(42, 'Хладагент', 'R600a', 3),
(43, 'Серия', 'Soft line', 3),
(44, 'Климатический класс', 'N', 3),
(45, 'Годовой расход электроэнергии', '340 кВт-час/год', 3),
(46, 'Общий объем, л', '320 ', 4),
(47, 'Объем морозильной камеры, л', '115', 4),
(48, 'Объем холодильной камеры, л', '205', 4),
(49, 'Количесто компрессоров', '1', 4),
(50, 'Уровень шума, дБА', '39', 4),
(51, 'Полезный объем морозильной камеры, л', '96', 4),
(52, 'Габариты(глубина x высота x ширина)см', '63x176x60', 4),
(53, 'Время размораживания, ч', '17', 4),
(54, 'Ящик для овощей и фруктов', '2', 4),
(55, 'Материал полок', 'стекло', 4),
(56, 'Хладагент', 'R600a', 4),
(57, 'Серия', 'Soft line', 4),
(58, 'Климатический класс', 'N', 4),
(59, 'Годовой расход электроэнергии', '340 кВт-час/год', 4),
(60, 'Общий объем, л', '320 ', 5),
(61, 'Объем морозильной камеры, л', '115', 5),
(62, 'Объем холодильной камеры, л', '205', 5),
(63, 'Количесто компрессоров', '1', 5),
(64, 'Уровень шума, дБА', '39', 5),
(65, 'Полезный объем морозильной камеры, л', '96', 5),
(66, 'Габариты(глубина x высота x ширина)см', '63x176x60', 5),
(67, 'Время размораживания, ч', '17', 5),
(68, 'Ящик для овощей и фруктов', '2', 5),
(69, 'Материал полок', 'стекло', 5),
(70, 'Хладагент', 'R600a', 5),
(71, 'Серия', 'Soft line', 5),
(72, 'Климатический класс', 'N', 5),
(73, 'Годовой расход электроэнергии', '340 кВт-час/год', 5),
(74, 'Общий объем, л', '320 ', 6),
(75, 'Объем морозильной камеры, л', '115', 6),
(76, 'Объем холодильной камеры, л', '205', 6),
(77, 'Количесто компрессоров', '1', 6),
(78, 'Уровень шума, дБА', '39', 6),
(79, 'Полезный объем морозильной камеры, л', '96', 6),
(80, 'Габариты(глубина x высота x ширина)см', '63x176x60', 6),
(81, 'Время размораживания, ч', '17', 6),
(82, 'Ящик для овощей и фруктов', '2', 6),
(83, 'Материал полок', 'стекло', 6),
(84, 'Хладагент', 'R600a', 6),
(85, 'Серия', 'Soft line', 6),
(86, 'Климатический класс', 'N', 6),
(87, 'Годовой расход электроэнергии', '340 кВт-час/год', 6),
(88, 'Общий объем, л', '320 ', 7),
(89, 'Объем морозильной камеры, л', '115', 7),
(90, 'Объем холодильной камеры, л', '205', 7),
(91, 'Количесто компрессоров', '1', 7),
(92, 'Уровень шума, дБА', '39', 7),
(93, 'Полезный объем морозильной камеры, л', '96', 7),
(94, 'Габариты(глубина x высота x ширина)см', '63x176x60', 7),
(95, 'Время размораживания, ч', '17', 7),
(96, 'Ящик для овощей и фруктов', '2', 7),
(97, 'Материал полок', 'стекло', 7),
(98, 'Хладагент', 'R600a', 7),
(99, 'Серия', 'Soft line', 7),
(100, 'Климатический класс', 'N', 7),
(101, 'Годовой расход электроэнергии', '340 кВт-час/год', 7),
(102, 'Общий объем, л', '320 ', 8),
(103, 'Объем морозильной камеры, л', '115', 8),
(104, 'Объем холодильной камеры, л', '205', 8),
(105, 'Количесто компрессоров', '1', 8),
(106, 'Уровень шума, дБА', '39', 8),
(107, 'Полезный объем морозильной камеры, л', '96', 8),
(108, 'Габариты(глубина x высота x ширина)см', '63x176x60', 8),
(109, 'Время размораживания, ч', '17', 8),
(110, 'Ящик для овощей и фруктов', '2', 8),
(111, 'Материал полок', 'стекло', 8),
(112, 'Хладагент', 'R600a', 8),
(113, 'Серия', 'Soft line', 8),
(114, 'Климатический класс', 'N', 8),
(115, 'Годовой расход электроэнергии', '340 кВт-час/год', 8),
(116, 'Общий объем, л', '320 ', 9),
(117, 'Объем морозильной камеры, л', '115', 9),
(118, 'Объем холодильной камеры, л', '205', 9),
(119, 'Количесто компрессоров', '1', 9),
(120, 'Уровень шума, дБА', '39', 9),
(121, 'Полезный объем морозильной камеры, л', '96', 9),
(122, 'Габариты(глубина x высота x ширина)см', '63x176x60', 9),
(123, 'Время размораживания, ч', '17', 9),
(124, 'Ящик для овощей и фруктов', '2', 9),
(125, 'Материал полок', 'стекло', 9),
(126, 'Хладагент', 'R600a', 9),
(127, 'Серия', 'Soft line', 9),
(128, 'Климатический класс', 'N', 9),
(129, 'Годовой расход электроэнергии', '340 кВт-час/год', 9),
(131, 'Тип ', 'LCD ', 11),
(132, 'LED-подсветка ', 'есть', 11),
(133, 'Диагональ', '19" (48 см)', 11),
(134, 'Соотношение сторон экрана', '16:9', 11),
(135, 'Разрешение ', ' 1366x768', 11),
(136, 'Технология экрана ', 'LCD', 11),
(137, 'Антибликовая технология ', 'нет', 11),
(138, 'Поддерживаемые носители ', ' USB', 11),
(139, 'Цвет корпуса', 'черный', 11),
(140, 'Технология "Один пульт" ', 'нет', 11),
(141, 'Потребляемая мощность', '32 Вт', 11),
(142, 'Комплектация', 'стандартная, батарейки для пульта ДУ', 11),
(143, 'Частота обновления', '100 Гц', 11),
(144, 'Технология развертки', 'Clear Motion Rate (CMR)', 11),
(145, 'Тип ', 'LCD ', 12),
(146, 'LED-подсветка ', 'есть', 12),
(147, 'Диагональ', '19" (48 см)', 12),
(148, 'Соотношение сторон экрана', '16:9', 12),
(149, 'Разрешение ', ' 1366x768', 12),
(150, 'Технология экрана ', 'LCD', 12),
(151, 'Антибликовая технология ', 'нет', 12),
(152, 'Поддерживаемые носители ', ' USB', 12),
(153, 'Цвет корпуса', 'черный', 12),
(154, 'Технология "Один пульт" ', 'нет', 12),
(155, 'Потребляемая мощность', '32 Вт', 12),
(156, 'Комплектация', 'стандартная, батарейки для пульта ДУ', 12),
(157, 'Частота обновления', '100 Гц', 12),
(158, 'Технология развертки', 'Clear Motion Rate (CMR)', 12),
(159, 'Тип ', 'LCD ', 13),
(160, 'LED-подсветка ', 'есть', 13),
(161, 'Диагональ', '19" (48 см)', 13),
(162, 'Соотношение сторон экрана', '16:9', 13),
(163, 'Разрешение ', ' 1366x768', 13),
(164, 'Технология экрана ', 'LCD', 13),
(165, 'Антибликовая технология ', 'нет', 13),
(166, 'Поддерживаемые носители ', ' USB', 13),
(167, 'Цвет корпуса', 'черный', 13),
(168, 'Технология "Один пульт" ', 'нет', 13),
(169, 'Потребляемая мощность', '32 Вт', 13),
(170, 'Комплектация', 'стандартная, батарейки для пульта ДУ', 13),
(171, 'Частота обновления', '100 Гц', 13),
(172, 'Технология развертки', 'Clear Motion Rate (CMR)', 13),
(173, 'Тип ', 'LCD ', 14),
(174, 'LED-подсветка ', 'есть', 14),
(175, 'Диагональ', '19" (48 см)', 14),
(176, 'Соотношение сторон экрана', '16:9', 14),
(177, 'Разрешение ', ' 1366x768', 14),
(178, 'Технология экрана ', 'LCD', 14),
(179, 'Антибликовая технология ', 'нет', 14),
(180, 'Поддерживаемые носители ', ' USB', 14),
(181, 'Цвет корпуса', 'черный', 14),
(182, 'Технология "Один пульт" ', 'нет', 14),
(183, 'Потребляемая мощность', '32 Вт', 14),
(184, 'Комплектация', 'стандартная, батарейки для пульта ДУ', 14),
(185, 'Частота обновления', '100 Гц', 14),
(186, 'Технология развертки', 'Clear Motion Rate (CMR)', 14),
(187, 'Тип ', 'LCD ', 15),
(188, 'LED-подсветка ', 'есть', 15),
(189, 'Диагональ', '19" (48 см)', 15),
(190, 'Соотношение сторон экрана', '16:9', 15),
(191, 'Разрешение ', ' 1366x768', 15),
(192, 'Технология экрана ', 'LCD', 15),
(193, 'Антибликовая технология ', 'нет', 15),
(194, 'Поддерживаемые носители ', ' USB', 15),
(195, 'Цвет корпуса', 'черный', 15),
(196, 'Технология "Один пульт" ', 'нет', 15),
(197, 'Потребляемая мощность', '32 Вт', 15),
(198, 'Комплектация', 'стандартная, батарейки для пульта ДУ', 15),
(199, 'Частота обновления', '100 Гц', 15),
(200, 'Технология развертки', 'Clear Motion Rate (CMR)', 15),
(201, 'Тип ', 'LCD ', 16),
(202, 'LED-подсветка ', 'есть', 16),
(203, 'Диагональ', '19" (48 см)', 16),
(204, 'Соотношение сторон экрана', '16:9', 16),
(205, 'Разрешение ', ' 1366x768', 16),
(206, 'Технология экрана ', 'LCD', 16),
(207, 'Антибликовая технология ', 'нет', 16),
(208, 'Поддерживаемые носители ', ' USB', 16),
(209, 'Цвет корпуса', 'черный', 16),
(210, 'Технология "Один пульт" ', 'нет', 16),
(211, 'Потребляемая мощность', '32 Вт', 16),
(212, 'Комплектация', 'стандартная, батарейки для пульта ДУ', 16),
(213, 'Частота обновления', '100 Гц', 16),
(214, 'Технология развертки', 'Clear Motion Rate (CMR)', 16),
(215, 'Тип ', 'LCD ', 17),
(216, 'LED-подсветка ', 'есть', 17),
(217, 'Диагональ', '19" (48 см)', 17),
(218, 'Соотношение сторон экрана', '16:9', 17),
(219, 'Разрешение ', ' 1366x768', 17),
(220, 'Технология экрана ', 'LCD', 17),
(221, 'Антибликовая технология ', 'нет', 17),
(222, 'Поддерживаемые носители ', ' USB', 17),
(223, 'Цвет корпуса', 'черный', 17),
(224, 'Технология "Один пульт" ', 'нет', 17),
(225, 'Потребляемая мощность', '32 Вт', 17),
(226, 'Комплектация', 'стандартная, батарейки для пульта ДУ', 17),
(227, 'Частота обновления', '100 Гц', 17),
(228, 'Технология развертки', 'Clear Motion Rate (CMR)', 17),
(229, 'Тип ', 'LCD ', 18),
(230, 'LED-подсветка ', 'есть', 18),
(231, 'Диагональ', '19" (48 см)', 18),
(232, 'Соотношение сторон экрана', '16:9', 18),
(233, 'Разрешение ', ' 1366x768', 18),
(234, 'Технология экрана ', 'LCD', 18),
(235, 'Антибликовая технология ', 'нет', 18),
(236, 'Поддерживаемые носители ', ' USB', 18),
(237, 'Цвет корпуса', 'черный', 18),
(238, 'Технология "Один пульт" ', 'нет', 18),
(239, 'Потребляемая мощность', '32 Вт', 18),
(240, 'Комплектация', 'стандартная, батарейки для пульта ДУ', 18),
(241, 'Частота обновления', '100 Гц', 18),
(242, 'Технология развертки', 'Clear Motion Rate (CMR)', 18),
(243, 'Тип ', 'LCD ', 19),
(244, 'LED-подсветка ', 'есть', 19),
(245, 'Диагональ', '19" (48 см)', 19),
(246, 'Соотношение сторон экрана', '16:9', 19),
(247, 'Разрешение ', ' 1366x768', 19),
(248, 'Технология экрана ', 'LCD', 19),
(249, 'Антибликовая технология ', 'нет', 19),
(250, 'Поддерживаемые носители ', ' USB', 19),
(251, 'Цвет корпуса', 'черный', 19),
(252, 'Технология "Один пульт" ', 'нет', 19),
(253, 'Потребляемая мощность', '32 Вт', 19),
(254, 'Комплектация', 'стандартная, батарейки для пульта ДУ', 19),
(255, 'Частота обновления', '100 Гц', 19),
(256, 'Технология развертки', 'Clear Motion Rate (CMR)', 19),
(257, 'Тип', 'автоматическая', 20),
(258, 'Установка ', 'отдельно стоящая', 20),
(259, 'Сушка ', 'нет', 20),
(260, 'Класс стирки ', 'A', 20),
(261, 'Максимальная загрузка ', '6 кг', 20),
(262, 'Прямой привод ', 'нет', 20),
(263, 'Способ загрузки белья ', 'фронтальный', 20),
(264, 'Цвет ', 'белый (черный люк)', 20),
(265, 'Класс отжима ', 'B', 20),
(266, 'Максимальная скорость отжима ', '1200 об/мин', 20),
(267, 'Уровень шума отжима ', ' 76 дБ', 20),
(268, 'Уровень шума стирки ', ' 61 дБ', 20),
(269, 'Размеры Ш x В x Д cм', '60 x 85 x 45', 20),
(270, 'Вес', '54 кг', 20),
(271, 'Тип', 'автоматическая', 21),
(272, 'Установка ', 'отдельно стоящая', 21),
(273, 'Сушка ', 'нет', 21),
(274, 'Класс стирки ', 'A', 21),
(275, 'Максимальная загрузка ', '6 кг', 21),
(276, 'Прямой привод ', 'нет', 21),
(277, 'Способ загрузки белья ', 'фронтальный', 21),
(278, 'Цвет ', 'белый (черный люк)', 21),
(279, 'Класс отжима ', 'B', 21),
(280, 'Максимальная скорость отжима ', '1200 об/мин', 21),
(281, 'Уровень шума отжима ', ' 76 дБ', 21),
(282, 'Уровень шума стирки ', ' 61 дБ', 21),
(283, 'Размеры Ш x В x Д cм', '60 x 85 x 45', 21),
(284, 'Вес', '54 кг', 21),
(285, 'Тип', 'автоматическая', 22),
(286, 'Установка ', 'отдельно стоящая', 22),
(287, 'Сушка ', 'нет', 22),
(288, 'Класс стирки ', 'A', 22),
(289, 'Максимальная загрузка ', '6 кг', 22),
(290, 'Прямой привод ', 'нет', 22),
(291, 'Способ загрузки белья ', 'фронтальный', 22),
(292, 'Цвет ', 'белый (черный люк)', 22),
(293, 'Класс отжима ', 'B', 22),
(294, 'Максимальная скорость отжима ', '1200 об/мин', 22),
(295, 'Уровень шума отжима ', ' 76 дБ', 22),
(296, 'Уровень шума стирки ', ' 61 дБ', 22),
(297, 'Размеры Ш x В x Д cм', '60 x 85 x 45', 22),
(298, 'Вес', '54 кг', 22),
(299, 'Тип', 'автоматическая', 23),
(300, 'Установка ', 'отдельно стоящая', 23),
(301, 'Сушка ', 'нет', 23),
(302, 'Класс стирки ', 'A', 23),
(303, 'Максимальная загрузка ', '6 кг', 23),
(304, 'Прямой привод ', 'нет', 23),
(305, 'Способ загрузки белья ', 'фронтальный', 23),
(306, 'Цвет ', 'белый (черный люк)', 23),
(307, 'Класс отжима ', 'B', 23),
(308, 'Максимальная скорость отжима ', '1200 об/мин', 23),
(309, 'Уровень шума отжима ', ' 76 дБ', 23),
(310, 'Уровень шума стирки ', ' 61 дБ', 23),
(311, 'Размеры Ш x В x Д cм', '60 x 85 x 45', 23),
(312, 'Вес', '54 кг', 23),
(313, 'Тип', 'автоматическая', 24),
(314, 'Установка ', 'отдельно стоящая', 24),
(315, 'Сушка ', 'нет', 24),
(316, 'Класс стирки ', 'A', 24),
(317, 'Максимальная загрузка ', '6 кг', 24),
(318, 'Прямой привод ', 'нет', 24),
(319, 'Способ загрузки белья ', 'фронтальный', 24),
(320, 'Цвет ', 'белый (черный люк)', 24),
(321, 'Класс отжима ', 'B', 24),
(322, 'Максимальная скорость отжима ', '1200 об/мин', 24),
(323, 'Уровень шума отжима ', ' 76 дБ', 24),
(324, 'Уровень шума стирки ', ' 61 дБ', 24),
(325, 'Размеры Ш x В x Д cм', '60 x 85 x 45', 24),
(326, 'Вес', '54 кг', 24),
(327, 'Тип', 'автоматическая', 25),
(328, 'Установка ', 'отдельно стоящая', 25),
(329, 'Сушка ', 'нет', 25),
(330, 'Класс стирки ', 'A', 25),
(331, 'Максимальная загрузка ', '6 кг', 25),
(332, 'Прямой привод ', 'нет', 25),
(333, 'Способ загрузки белья ', 'фронтальный', 25),
(334, 'Цвет ', 'белый (черный люк)', 25),
(335, 'Класс отжима ', 'B', 25),
(336, 'Максимальная скорость отжима ', '1200 об/мин', 25),
(337, 'Уровень шума отжима ', ' 76 дБ', 25),
(338, 'Уровень шума стирки ', ' 61 дБ', 25),
(339, 'Размеры Ш x В x Д cм', '60 x 85 x 45', 25),
(340, 'Вес', '54 кг', 25),
(341, 'Тип', 'автоматическая', 26),
(342, 'Установка ', 'отдельно стоящая', 26),
(343, 'Сушка ', 'нет', 26),
(344, 'Класс стирки ', 'A', 26),
(345, 'Максимальная загрузка ', '6 кг', 26),
(346, 'Прямой привод ', 'нет', 26),
(347, 'Способ загрузки белья ', 'фронтальный', 26),
(348, 'Цвет ', 'белый (черный люк)', 26),
(349, 'Класс отжима ', 'B', 26),
(350, 'Максимальная скорость отжима ', '1200 об/мин', 26),
(351, 'Уровень шума отжима ', ' 76 дБ', 26),
(352, 'Уровень шума стирки ', ' 61 дБ', 26),
(353, 'Размеры Ш x В x Д cм', '60 x 85 x 45', 26),
(354, 'Вес', '54 кг', 26),
(355, 'Тип', 'автоматическая', 27),
(356, 'Установка ', 'отдельно стоящая', 27),
(357, 'Сушка ', 'нет', 27),
(358, 'Класс стирки ', 'A', 27),
(359, 'Максимальная загрузка ', '6 кг', 27),
(360, 'Прямой привод ', 'нет', 27),
(361, 'Способ загрузки белья ', 'фронтальный', 27),
(362, 'Цвет ', 'белый (черный люк)', 27),
(363, 'Класс отжима ', 'B', 27),
(364, 'Максимальная скорость отжима ', '1200 об/мин', 27),
(365, 'Уровень шума отжима ', ' 76 дБ', 27),
(366, 'Уровень шума стирки ', ' 61 дБ', 27),
(367, 'Размеры Ш x В x Д cм', '60 x 85 x 45', 27),
(368, 'Вес', '54 кг', 27),
(369, 'Тип', 'автоматическая', 28),
(370, 'Установка ', 'отдельно стоящая', 28),
(371, 'Сушка ', 'нет', 28),
(372, 'Класс стирки ', 'A', 28),
(373, 'Максимальная загрузка ', '6 кг', 28),
(374, 'Прямой привод ', 'нет', 28),
(375, 'Способ загрузки белья ', 'фронтальный', 28),
(376, 'Цвет ', 'белый (черный люк)', 28),
(377, 'Класс отжима ', 'B', 28),
(378, 'Максимальная скорость отжима ', '1200 об/мин', 28),
(379, 'Уровень шума отжима ', ' 76 дБ', 28),
(380, 'Уровень шума стирки ', ' 61 дБ', 28),
(381, 'Размеры Ш x В x Д cм', '60 x 85 x 45', 28),
(382, 'Вес', '54 кг', 28),
(385, 'Тип', 'смартфон', 32),
(386, 'Конструкция ', ' моноблок', 32),
(387, 'Диагональ экрана ', '5 "', 32),
(388, 'Тип управления ', 'сенсорное', 32),
(389, 'Сенсорный экран ', 'емкостный, мультитач', 32),
(390, 'QWERTY клавиатура ', 'сенсорная', 32),
(391, 'Стандарт GSM ', '900, 1800, 1900, 850, UMTS (3G)', 32),
(392, 'Формат SIM-карты ', ' Micro-SIM', 32),
(393, 'Кол-во SIM-карт', '2', 32),
(394, 'Графический процессор ', 'Mali-T720', 32),
(395, 'Операционная система ', 'Android 5.1', 32),
(396, 'Процессор ', 'Mediatek MT6735P', 32),
(397, 'Тактовая частота процессора ', '1000 МГц', 32),
(398, 'Количество ядер ', '4', 32),
(399, 'Тип', 'смартфон', 33),
(400, 'Конструкция ', ' моноблок', 33),
(401, 'Диагональ экрана ', '5 "', 33),
(402, 'Тип управления ', 'сенсорное', 33),
(403, 'Сенсорный экран ', 'емкостный, мультитач', 33),
(404, 'QWERTY клавиатура ', 'сенсорная', 33),
(405, 'Стандарт GSM ', '900, 1800, 1900, 850, UMTS (3G)', 33),
(406, 'Формат SIM-карты ', ' Micro-SIM', 33),
(407, 'Кол-во SIM-карт', '2', 33),
(408, 'Графический процессор ', 'Mali-T720', 33),
(409, 'Операционная система ', 'Android 5.1', 33),
(410, 'Процессор ', 'Mediatek MT6735P', 33),
(411, 'Тактовая частота процессора ', '1000 МГц', 33),
(412, 'Количество ядер ', '4', 33),
(413, 'Тип', 'смартфон', 34),
(414, 'Конструкция ', ' моноблок', 34),
(415, 'Диагональ экрана ', '5 "', 34),
(416, 'Тип управления ', 'сенсорное', 34),
(417, 'Сенсорный экран ', 'емкостный, мультитач', 34),
(418, 'QWERTY клавиатура ', 'сенсорная', 34),
(419, 'Стандарт GSM ', '900, 1800, 1900, 850, UMTS (3G)', 34),
(420, 'Формат SIM-карты ', ' Micro-SIM', 34),
(421, 'Кол-во SIM-карт', '2', 34),
(422, 'Графический процессор ', 'Mali-T720', 34),
(423, 'Операционная система ', 'Android 5.1', 34),
(424, 'Процессор ', 'Mediatek MT6735P', 34),
(425, 'Количество ядер ', '4', 34),
(426, 'Тип', 'смартфон', 35),
(427, 'Конструкция ', ' моноблок', 35),
(428, 'Диагональ экрана ', '5 "', 35),
(429, 'Тип управления ', 'сенсорное', 35),
(430, 'Сенсорный экран ', 'емкостный, мультитач', 35),
(431, 'QWERTY клавиатура ', 'сенсорная', 35),
(432, 'Стандарт GSM ', '900, 1800, 1900, 850, UMTS (3G)', 35),
(433, 'Формат SIM-карты ', ' Micro-SIM', 35),
(434, 'Кол-во SIM-карт', '2', 35),
(435, 'Графический процессор ', 'Mali-T720', 35),
(436, 'Операционная система ', 'Android 5.1', 35),
(437, 'Процессор ', 'Mediatek MT6735P', 35),
(438, 'Тактовая частота процессора ', '1000 МГц', 35),
(439, 'Количество ядер ', '4', 35),
(440, 'Тип', 'смартфон', 36),
(441, 'Конструкция ', ' моноблок', 36),
(442, 'Диагональ экрана ', '5 "', 36),
(443, 'Тип управления ', 'сенсорное', 36),
(444, 'Сенсорный экран ', 'емкостный, мультитач', 36),
(445, 'QWERTY клавиатура ', 'сенсорная', 36),
(446, 'Стандарт GSM ', '900, 1800, 1900, 850, UMTS (3G)', 36),
(447, 'Формат SIM-карты ', ' Micro-SIM', 36),
(448, 'Кол-во SIM-карт', '2', 36),
(449, 'Графический процессор ', 'Mali-T720', 36),
(450, 'Операционная система ', 'Android 5.1', 36),
(451, 'Процессор ', 'Mediatek MT6735P', 36),
(452, 'Тактовая частота процессора ', '1000 МГц', 36),
(453, 'Количество ядер ', '4', 36),
(454, 'Тип', 'смартфон', 37),
(455, 'Конструкция ', ' моноблок', 37),
(456, 'Диагональ экрана ', '5 "', 37),
(457, 'Тип управления ', 'сенсорное', 37),
(458, 'Сенсорный экран ', 'емкостный, мультитач', 37),
(459, 'QWERTY клавиатура ', 'сенсорная', 37),
(460, 'Стандарт GSM ', '900, 1800, 1900, 850, UMTS (3G)', 37),
(461, 'Формат SIM-карты ', ' Micro-SIM', 37),
(462, 'Кол-во SIM-карт', '2', 37),
(463, 'Графический процессор ', 'Mali-T720', 37),
(464, 'Операционная система ', 'Android 5.1', 37),
(465, 'Процессор ', 'Mediatek MT6735P', 37),
(466, 'Тактовая частота процессора ', '1000 МГц', 37),
(467, 'Количество ядер ', '4', 37),
(468, 'Тип', 'смартфон', 38),
(469, 'Конструкция ', ' моноблок', 38),
(470, 'Диагональ экрана ', '5 "', 38),
(471, 'Тип управления ', 'сенсорное', 38),
(472, 'Сенсорный экран ', 'емкостный, мультитач', 38),
(473, 'QWERTY клавиатура ', 'сенсорная', 38),
(474, 'Стандарт GSM ', '900, 1800, 1900, 850, UMTS (3G)', 38),
(475, 'Формат SIM-карты ', ' Micro-SIM', 38),
(476, 'Кол-во SIM-карт', '2', 38),
(477, 'Графический процессор ', 'Mali-T720', 38),
(478, 'Операционная система ', 'Android 5.1', 38),
(479, 'Процессор ', 'Mediatek MT6735P', 38),
(480, 'Тактовая частота процессора ', '1000 МГц', 38),
(481, 'Количество ядер ', '4', 38),
(482, 'Тип', 'смартфон', 39),
(483, 'Конструкция ', ' моноблок', 39),
(484, 'Диагональ экрана ', '5 "', 39),
(485, 'Тип управления ', 'сенсорное', 39),
(486, 'Сенсорный экран ', 'емкостный, мультитач', 39),
(487, 'QWERTY клавиатура ', 'сенсорная', 39),
(488, 'Стандарт GSM ', '900, 1800, 1900, 850, UMTS (3G)', 39),
(489, 'Формат SIM-карты ', ' Micro-SIM', 39),
(490, 'Кол-во SIM-карт', '2', 39),
(491, 'Графический процессор ', 'Mali-T720', 39),
(492, 'Операционная система ', 'Android 5.1', 39),
(493, 'Процессор ', 'Mediatek MT6735P', 39),
(494, 'Тактовая частота процессора ', '1000 МГц', 39),
(495, 'Количество ядер ', '4', 39),
(496, 'Тип', 'смартфон', 40),
(497, 'Конструкция ', ' моноблок', 40),
(498, 'Диагональ экрана ', '5 "', 40),
(499, 'Тип управления ', 'сенсорное', 40),
(500, 'Сенсорный экран ', 'емкостный, мультитач', 40),
(501, 'QWERTY клавиатура ', 'сенсорная', 40),
(502, 'Стандарт GSM ', '900, 1800, 1900, 850, UMTS (3G)', 40),
(503, 'Формат SIM-карты ', ' Micro-SIM', 40),
(504, 'Кол-во SIM-карт', '2', 40),
(505, 'Графический процессор ', 'Mali-T720', 40),
(506, 'Операционная система ', 'Android 5.1', 40),
(507, 'Процессор ', 'Mediatek MT6735P', 40),
(508, 'Тактовая частота процессора ', '1000 МГц', 40),
(509, 'Количество ядер ', '4', 40),
(513, 'Тактовая частота процессора ', '1000 МГц', 34),
(514, 'test', 'test', 41);

-- --------------------------------------------------------

--
-- Структура таблицы `hibernate_sequence`
--

CREATE TABLE `hibernate_sequence` (
  `next_val` bigint(20) DEFAULT NULL
) ENGINE=InnoDB DEFAULT CHARSET=latin1;

--
-- Дамп данных таблицы `hibernate_sequence`
--

INSERT INTO `hibernate_sequence` (`next_val`) VALUES
(12),
(12);

-- --------------------------------------------------------

--
-- Дублирующая структура для представления `maininfoview`
--
CREATE TABLE `maininfoview` (
`ID` int(10)
,`Brand` varchar(50)
,`Model` varchar(50)
,`Price` float
,`ReleaseDate` varchar(50)
,`Picture` varchar(50)
,`FK_Catalog` int(10)
,`Title` varchar(50)
,`Value` varchar(50)
);

-- --------------------------------------------------------

--
-- Структура таблицы `role`
--

CREATE TABLE `role` (
  `id_role` int(10) NOT NULL,
  `Name` varchar(50) NOT NULL
) ENGINE=InnoDB DEFAULT CHARSET=utf8;

--
-- Дамп данных таблицы `role`
--

INSERT INTO `role` (`id_role`, `Name`) VALUES
(1, 'user'),
(2, 'admin'),
(3, 'test');

-- --------------------------------------------------------

--
-- Структура таблицы `user`
--

CREATE TABLE `user` (
  `id_user` int(10) NOT NULL,
  `Name` varchar(50) NOT NULL,
  `Surname` varchar(50) NOT NULL,
  `Email` varchar(50) NOT NULL,
  `Login` varchar(50) NOT NULL,
  `Password` varchar(250) NOT NULL,
  `Salt` varchar(250) NOT NULL,
  `BlackList` varchar(50) NOT NULL,
  `id_role` int(10) NOT NULL,
  `RegistrationDate` date NOT NULL
) ENGINE=InnoDB DEFAULT CHARSET=utf8;

--
-- Дамп данных таблицы `user`
--

INSERT INTO `user` (`id_user`, `Name`, `Surname`, `Email`, `Login`, `Password`, `Salt`, `BlackList`, `id_role`, `RegistrationDate`) VALUES
(11, 'Dmitry', 'Voronovich', 'dd.versus@gmail.com', 'superman', 'fa2ea19006ff591270d608e022ab63011ad160ef92454332eca039656e932ff4', '9j1t89zLs16N0uHzNyaj', 'false', 2, '2017-01-17'),
(13, 'Дмитрий', 'Воронович', 'voronjava@mail.ru', 'batman', '590be3ea3af6df86852e7bfede721d75c7bc35e4dd22ef21ccb1a455c6f26529', '3HjWobnVx2I430lQ5Q10', 'false', 1, '2017-01-01'),
(14, 'Albert', 'Einshtein', 'einshtain@gmail.com', 'albert', '600965c1902784c2d3196fecbcf8c48ac05d8283f5bfd72615542ab481d9f19e', 'MiJpb5yeIbrNCNvFIZU4', 'false', 3, '2017-01-29'),
(17, 'Дмитрий', 'Ворон', 'aaaaaa@mail.ru', 'ddddddd', '00500d1d294257a48bc58ecc06fccfdd47cc08209047f746ddd6ac30bce25c85', '4Ul5kzM0nl5jxPvAtcqV', 'true', 1, '2017-01-31');

-- --------------------------------------------------------

--
-- Структура для представления `maininfoview`
--
DROP TABLE IF EXISTS `maininfoview`;

CREATE ALGORITHM=UNDEFINED DEFINER=`root`@`localhost` SQL SECURITY DEFINER VIEW `maininfoview`  AS  select `database_webstore`.`maininfo`.`ID` AS `ID`,`database_webstore`.`maininfo`.`Brand` AS `Brand`,`database_webstore`.`maininfo`.`Model` AS `Model`,`database_webstore`.`maininfo`.`Price` AS `Price`,`database_webstore`.`maininfo`.`ReleaseDate` AS `ReleaseDate`,`database_webstore`.`maininfo`.`Picture` AS `Picture`,`database_webstore`.`maininfo`.`FK_Catalog` AS `FK_Catalog`,`database_webstore`.`additionalinfo`.`Title` AS `Title`,`database_webstore`.`additionalinfo`.`Value` AS `Value` from (`database_webstore`.`maininfo` left join `database_webstore`.`additionalinfo` on((`database_webstore`.`maininfo`.`ID` = `database_webstore`.`additionalinfo`.`FK_MainInfo`))) ;

--
-- Индексы сохранённых таблиц
--

--
-- Индексы таблицы `basket`
--
ALTER TABLE `basket`
  ADD PRIMARY KEY (`id_basket`),
  ADD KEY `FK_Users` (`id_user`),
  ADD KEY `FK_MainInfo` (`id_data`);

--
-- Индексы таблицы `catalog`
--
ALTER TABLE `catalog`
  ADD PRIMARY KEY (`id_catalog`);

--
-- Индексы таблицы `data`
--
ALTER TABLE `data`
  ADD PRIMARY KEY (`id_data`),
  ADD KEY `FK_Catalog` (`id_catalog`);

--
-- Индексы таблицы `description`
--
ALTER TABLE `description`
  ADD PRIMARY KEY (`id_description`),
  ADD KEY `FK_MainInfo` (`id_data`);

--
-- Индексы таблицы `role`
--
ALTER TABLE `role`
  ADD PRIMARY KEY (`id_role`);

--
-- Индексы таблицы `user`
--
ALTER TABLE `user`
  ADD PRIMARY KEY (`id_user`),
  ADD KEY `FK_Role` (`id_role`);

--
-- AUTO_INCREMENT для сохранённых таблиц
--

--
-- AUTO_INCREMENT для таблицы `basket`
--
ALTER TABLE `basket`
  MODIFY `id_basket` int(10) NOT NULL AUTO_INCREMENT, AUTO_INCREMENT=2;
--
-- AUTO_INCREMENT для таблицы `catalog`
--
ALTER TABLE `catalog`
  MODIFY `id_catalog` int(10) NOT NULL AUTO_INCREMENT, AUTO_INCREMENT=6;
--
-- AUTO_INCREMENT для таблицы `data`
--
ALTER TABLE `data`
  MODIFY `id_data` int(10) NOT NULL AUTO_INCREMENT, AUTO_INCREMENT=42;
--
-- AUTO_INCREMENT для таблицы `description`
--
ALTER TABLE `description`
  MODIFY `id_description` int(10) NOT NULL AUTO_INCREMENT, AUTO_INCREMENT=515;
--
-- AUTO_INCREMENT для таблицы `role`
--
ALTER TABLE `role`
  MODIFY `id_role` int(10) NOT NULL AUTO_INCREMENT, AUTO_INCREMENT=4;
--
-- AUTO_INCREMENT для таблицы `user`
--
ALTER TABLE `user`
  MODIFY `id_user` int(10) NOT NULL AUTO_INCREMENT, AUTO_INCREMENT=18;
--
-- Ограничения внешнего ключа сохраненных таблиц
--

--
-- Ограничения внешнего ключа таблицы `basket`
--
ALTER TABLE `basket`
  ADD CONSTRAINT `FKfn50y0kn0n83lb6usdym89w5v` FOREIGN KEY (`id_data`) REFERENCES `data` (`id_data`),
  ADD CONSTRAINT `FKnwpylxqtypkrv5iuky1x9km2e` FOREIGN KEY (`id_user`) REFERENCES `user` (`id_user`),
  ADD CONSTRAINT `basket_ibfk_1` FOREIGN KEY (`id_user`) REFERENCES `user` (`id_user`),
  ADD CONSTRAINT `basket_ibfk_2` FOREIGN KEY (`id_data`) REFERENCES `data` (`id_data`);

--
-- Ограничения внешнего ключа таблицы `data`
--
ALTER TABLE `data`
  ADD CONSTRAINT `FKbee1hr36fgnwunw9uo8x5xbbk` FOREIGN KEY (`id_catalog`) REFERENCES `catalog` (`id_catalog`),
  ADD CONSTRAINT `data_ibfk_1` FOREIGN KEY (`id_catalog`) REFERENCES `catalog` (`id_catalog`);

--
-- Ограничения внешнего ключа таблицы `description`
--
ALTER TABLE `description`
  ADD CONSTRAINT `FK4vejcj4tl609ekkfxywc1u9ai` FOREIGN KEY (`id_data`) REFERENCES `data` (`id_data`),
  ADD CONSTRAINT `description_ibfk_1` FOREIGN KEY (`id_data`) REFERENCES `data` (`id_data`);

--
-- Ограничения внешнего ключа таблицы `user`
--
ALTER TABLE `user`
  ADD CONSTRAINT `FK6njoh3pti5jnlkowken3r8ttn` FOREIGN KEY (`id_role`) REFERENCES `role` (`id_role`),
  ADD CONSTRAINT `user_ibfk_1` FOREIGN KEY (`id_role`) REFERENCES `role` (`id_role`);

/*!40101 SET CHARACTER_SET_CLIENT=@OLD_CHARACTER_SET_CLIENT */;
/*!40101 SET CHARACTER_SET_RESULTS=@OLD_CHARACTER_SET_RESULTS */;
/*!40101 SET COLLATION_CONNECTION=@OLD_COLLATION_CONNECTION */;
